<?xml version="1.0" encoding="UTF-8"?>
<coordinates>
    <coordinate>
        <strName>X</strName>
        <dblOrigin>
            <axis>-56.123</axis>
            <world>123.456</world>
        </dblOrigin>
        <intScale>
            <axis>1000</axis>
            <world>1000</world>
        </intScale>
        <intOffset>
            <axis>0</axis>
            <world>0</world>
        </intOffset>
    </coordinate>
    <coordinate>
        <strName>Y</strName>
        <dblOrigin>
            <axis>-56.223</axis>
            <world>223.456</world>
        </dblOrigin>
        <intScale>
            <axis>1000</axis>
            <world>1000</world>
        </intScale>
        <intOffset>
            <axis>0</axis>
            <world>0</world>
        </intOffset>
    </coordinate>
    <coordinate>
        <strName>Z</strName>
        <dblOrigin>
            <axis>-56.223</axis>
            <world>223.456</world>
        </dblOrigin>
        <intScale>
            <axis>1000</axis>
            <world>1000</world>
        </intScale>
        <intOffset>
            <axis>0</axis>
            <world>0</world>
        </intOffset>
    </coordinate>
    <coordinate>
        <strName>U</strName>
        <dblOrigin>
            <axis>-56.223</axis>
            <world>223.456</world>
        </dblOrigin>
        <intScale>
            <axis>1000</axis>
            <world>1000</world>
        </intScale>
        <intOffset>
            <axis>0</axis>
            <world>0</world>
        </intOffset>
    </coordinate>
    <coordinate>
        <strName>V</strName>
        <dblOrigin>
            <axis>-56.223</axis>
            <world>223.456</world>
        </dblOrigin>
        <intScale>
            <axis>1000</axis>
            <world>1000</world>
        </intScale>
        <intOffset>
            <axis>0</axis>
            <world>0</world>
        </intOffset>
    </coordinate>
    <coordinate>
        <strName>W</strName>
        <dblOrigin>
            <axis>-56.223</axis>
            <world>223.456</world>
        </dblOrigin>
        <intScale>
            <axis>1000</axis>
            <world>1000</world>
        </intScale>
        <intOffset>
            <axis>0</axis>
            <world>0</world>
        </intOffset>
    </coordinate>
</coordinates>